timestamp,ear,mar,status
1776423788.7484856,0.2607,0.4632,ALERT
1776423788.9770062,0.2661,0.4784,ALERT
1776423789.001003,0.2594,0.4581,ALERT
1776423789.0170004,0.2498,0.456,ALERT
1776423789.0344205,0.2858,0.4499,ALERT
1776423789.0478473,0.309,0.4639,ALERT
1776423789.0748498,0.2978,0.4473,ALERT
1776423789.1401622,0.2903,0.4575,ALERT
1776423789.1632051,0.2881,0.4582,ALERT
1776423789.2074125,0.3025,0.4561,ALERT
1776423789.2224708,0.2934,0.4561,ALERT
1776423789.2717748,0.2975,0.4605,ALERT
1776423789.2873425,0.3044,0.4684,ALERT
1776423789.3336112,0.3194,0.4575,ALERT
1776423789.3509905,0.309,0.4568,ALERT
1776423789.3670077,0.2978,0.4525,ALERT
1776423789.4139662,0.3053,0.4758,ALERT
1776423789.47981,0.3094,0.465,ALERT
1776423789.496182,0.3039,0.465,ALERT
1776423789.5405145,0.3,0.4673,ALERT
1776423789.5578158,0.2952,0.4585,ALERT
1776423789.6062934,0.2849,0.4583,ALERT
1776423789.6222935,0.2925,0.4511,ALERT
1776423789.6732585,0.3228,0.467,ALERT
1776423789.6882122,0.3221,0.4577,ALERT
1776423789.7490544,0.3503,0.4503,ALERT
1776423789.765331,0.3404,0.4577,ALERT
1776423789.7822547,0.3404,0.4577,ALERT
1776423789.8142562,0.3312,0.4577,ALERT
1776423789.8798053,0.33,0.4503,ALERT
1776423789.8958023,0.33,0.4583,ALERT
1776423789.9413104,0.3297,0.4503,ALERT
1776423789.9586883,0.3373,0.4488,ALERT
1776423790.0072029,0.3494,0.4505,ALERT
1776423790.023792,0.3433,0.457,ALERT
1776423790.0721784,0.3491,0.4503,ALERT
1776423790.0892208,0.3433,0.4583,ALERT
1776423790.1049087,0.3421,0.4658,ALERT
1776423790.1504588,0.3293,0.4503,ALERT
1776423790.1670277,0.3156,0.4585,ALERT
1776423790.2145557,0.333,0.4496,ALERT
1776423790.2827744,0.3405,0.4505,ALERT
1776423790.2996578,0.3405,0.4664,ALERT
1776423790.3438647,0.3361,0.4519,ALERT
1776423790.3608632,0.3295,0.4583,ALERT
1776423790.4074037,0.3551,0.4591,ALERT
1776423790.4234,0.3448,0.4522,ALERT
1776423790.4688098,0.3478,0.4612,ALERT
1776423790.486339,0.3319,0.4635,ALERT
1776423790.5033295,0.3333,0.4547,ALERT
1776423790.5523326,0.3564,0.4521,ALERT
1776423790.6816165,0.3446,0.4538,ALERT
1776423790.6984036,0.3343,0.4538,ALERT
1776423790.7149358,0.3386,0.4528,ALERT
1776423790.730398,0.3452,0.4529,ALERT
1776423790.7474697,0.336,0.4545,ALERT
1776423790.7644858,0.3371,0.4563,ALERT
1776423790.8070138,0.3419,0.4599,ALERT
1776423790.8232937,0.3498,0.4529,ALERT
1776423790.8392937,0.3541,0.4529,ALERT
1776423790.8861165,0.369,0.457,ALERT
1776423790.9001148,0.3643,0.4561,ALERT
1776423790.9496958,0.3916,0.4496,ALERT
1776423790.9657178,0.395,0.4746,ALERT
1776423791.0145786,0.3915,0.4707,ALERT
1776423791.080991,0.4345,0.5,ALERT
1776423791.0986028,0.4338,0.4518,ALERT
1776423791.1456017,0.4364,0.4561,ALERT
1776423791.1626003,0.4423,0.4557,ALERT
1776423791.2073755,0.4419,0.4487,ALERT
1776423791.22372,0.4442,0.4556,ALERT
1776423791.2393057,0.442,0.463,ALERT
1776423791.2883697,0.4715,0.4712,ALERT
1776423791.3063667,0.4308,0.4506,ALERT
1776423791.34937,0.394,0.4625,ALERT
1776423791.3643794,0.377,0.4725,ALERT
1776423791.4139247,0.3871,0.4646,ALERT
1776423791.478816,0.3506,0.4557,ALERT
1776423791.4950423,0.3502,0.4557,ALERT
1776423791.541132,0.3839,0.4469,ALERT
1776423791.5551958,0.3588,0.4564,ALERT
1776423791.6064618,0.3746,0.4461,ALERT
1776423791.6204607,0.3521,0.4638,ALERT
1776423791.648458,0.3521,0.4558,ALERT
1776423791.6886535,0.3846,0.4556,ALERT
1776423791.7029622,0.3845,0.4571,ALERT
1776423791.7494388,0.3674,0.4548,ALERT
1776423791.7704532,0.3678,0.4458,ALERT
1776423791.8119822,0.3646,0.4555,ALERT
1776423791.8779948,0.3715,0.4577,ALERT
1776423791.893525,0.3553,0.4501,ALERT
1776423791.9435244,0.3418,0.4483,ALERT
1776423791.9594264,0.3407,0.4501,ALERT
1776423791.9758575,0.3411,0.4509,ALERT
1776423792.0240233,0.3686,0.4445,ALERT
1776423792.0394003,0.3751,0.4528,ALERT
1776423792.0854657,0.3535,0.4529,ALERT
1776423792.1014667,0.3455,0.4539,ALERT
1776423792.1493807,0.3574,0.4604,ALERT
1776423792.1653342,0.3519,0.4525,ALERT
1776423792.2154253,0.3342,0.4613,ALERT
1776423792.2789626,0.3462,0.4556,ALERT
1776423792.2984915,0.3286,0.4567,ALERT
1776423792.341491,0.3574,0.4579,ALERT
1776423792.3594878,0.3562,0.4644,ALERT
1776423792.3765,0.3602,0.4639,ALERT
1776423792.4245825,0.3646,0.4629,ALERT
1776423792.4395778,0.3656,0.4548,ALERT
1776423792.4850874,0.367,0.4498,ALERT
1776423792.50238,0.3455,0.4564,ALERT
1776423792.5501342,0.3643,0.4575,ALERT
1776423792.566158,0.3497,0.4592,ALERT
1776423792.6135,0.3622,0.451,ALERT
1776423792.6780584,0.3752,0.4536,ALERT
1776423792.6924393,0.3693,0.4536,ALERT
1776423792.7424588,0.3877,0.4529,ALERT
1776423792.7594593,0.3752,0.4536,ALERT
1776423792.7744794,0.3752,0.4536,ALERT
1776423792.8220205,0.3874,0.4518,ALERT
1776423792.838513,0.3645,0.4524,ALERT
1776423792.888868,0.3842,0.4531,ALERT
1776423792.9062026,0.3769,0.4512,ALERT
1776423792.9541452,0.3841,0.4523,ALERT
1776423792.9711604,0.3644,0.4575,ALERT
1776423793.0149002,0.3601,0.4581,ALERT
1776423793.0792477,0.379,0.4491,ALERT
1776423793.0966058,0.3915,0.4556,ALERT
1776423793.1119153,0.3674,0.4556,ALERT
1776423793.1581266,0.3659,0.4624,ALERT
1776423793.1743884,0.3694,0.4556,ALERT
1776423793.2199183,0.3633,0.4624,ALERT
1776423793.2349956,0.3694,0.4549,ALERT
1776423793.2846584,0.3687,0.4556,ALERT
1776423793.3025444,0.3694,0.4623,ALERT
1776423793.3486242,0.3829,0.4625,ALERT
1776423793.3636863,0.3701,0.4695,ALERT
1776423793.412925,0.3955,0.4685,ALERT
1776423793.4756188,0.3912,0.4528,ALERT
1776423793.492217,0.3835,0.4606,ALERT
1776423793.5089464,0.3845,0.4606,ALERT
1776423793.5597687,0.3875,0.469,ALERT
1776423793.574823,0.3872,0.469,ALERT
1776423793.6218057,0.3749,0.4619,ALERT
1776423793.6383324,0.3656,0.4549,ALERT
1776423793.6856506,0.3629,0.4581,ALERT
1776423793.7001803,0.3727,0.4581,ALERT
1776423793.7481816,0.3758,0.4609,ALERT
1776423793.765547,0.3611,0.4603,ALERT
1776423793.813346,0.3729,0.4486,ALERT
1776423793.8925326,0.3509,0.4601,ALERT
1776423793.9085262,0.3475,0.4593,ALERT
1776423793.922883,0.3401,0.4655,ALERT
1776423793.9531612,0.3316,0.4561,ALERT
1776423793.9674366,0.3316,0.464,ALERT
1776423794.0185685,0.3287,0.4584,ALERT
1776423794.0425675,0.3397,0.4429,ALERT
1776423794.083216,0.327,0.457,ALERT
1776423794.1033592,0.3236,0.4646,ALERT
1776423794.1465309,0.3374,0.4524,ALERT
1776423794.1647704,0.3324,0.4586,ALERT
1776423794.2086086,0.3445,0.4564,ALERT
1776423794.225238,0.3387,0.4564,ALERT
1776423794.2938662,0.3293,0.4571,ALERT
1776423794.3831933,0.3335,0.4508,ALERT
1776423794.4001951,0.2769,0.458,ALERT
1776423794.4131956,0.2806,0.4575,ALERT
1776423794.4311924,0.1847,0.4636,ALERT
1776423794.4471917,0.1847,0.4504,ALERT
1776423794.4815133,0.1356,0.4561,ALERT
1776423794.5075202,0.1361,0.4547,ALERT
1776423794.5449927,0.1337,0.4646,ALERT
1776423794.5680103,0.1355,0.4508,ALERT
1776423794.6121144,0.1135,0.458,ALERT
1776423794.6281185,0.1275,0.4575,ALERT
1776423794.690184,0.1074,0.4515,ALERT
1776423794.7051816,0.1004,0.4586,ALERT
1776423794.751178,0.0779,0.4571,ALERT
1776423794.7651803,0.0767,0.458,ALERT
1776423794.8167114,0.0872,0.458,ALERT
1776423794.8497162,0.0913,0.4571,ALERT
1776423794.8852477,0.0886,0.457,ALERT
1776423794.9233067,0.0847,0.4554,ALERT
1776423794.9515314,0.1845,0.4575,ALERT
1776423794.9686098,0.1675,0.4564,ALERT
1776423795.0293357,0.2859,0.458,ALERT
1776423795.0433354,0.2932,0.4571,ALERT
1776423795.090879,0.3013,0.457,ALERT
1776423795.1038785,0.3047,0.4508,ALERT
1776423795.1548772,0.3019,0.4508,ALERT
1776423795.1778927,0.2951,0.4508,ALERT
1776423795.2192771,0.2827,0.4571,ALERT
1776423795.2328258,0.2893,0.4571,ALERT
1776423795.2832096,0.3085,0.4524,ALERT
1776423795.3032682,0.3085,0.4576,ALERT
1776423795.3494518,0.3174,0.4498,ALERT
1776423795.3643641,0.316,0.4577,ALERT
1776423795.4315176,0.3332,0.4505,ALERT
1776423795.4464781,0.3332,0.4505,ALERT
1776423795.4936004,0.3464,0.458,ALERT
1776423795.5103016,0.3493,0.4517,ALERT
1776423795.556555,0.3463,0.487,ALERT
1776423795.5718715,0.3457,0.4862,ALERT
1776423795.6210785,0.3551,0.5721,ALERT
1776423795.636153,0.3622,0.5785,ALERT
1776423795.6882148,0.3424,0.6312,ALERT
1776423795.705271,0.3612,0.6339,ALERT
1776423795.7496712,0.3731,0.694,ALERT
1776423795.7649145,0.3609,0.6956,ALERT
1776423795.8305142,0.3188,0.7567,ALERT
1776423795.8465145,0.3368,0.7479,ALERT
1776423795.8994772,0.3033,0.8011,ALERT
1776423795.914474,0.296,0.7938,ALERT
1776423795.9584692,0.3141,0.8175,ALERT
1776423795.9869962,0.2999,0.8238,ALERT
1776423796.0249972,0.306,0.8459,ALERT
1776423796.041998,0.3013,0.8394,ALERT
1776423796.0882807,0.2997,0.8404,ALERT
1776423797.118983,0.3065,0.8505,DROWSY
1776423798.1568673,0.2928,0.7559,DROWSY
1776423798.2316365,0.2766,0.474,ALERT
1776423798.253653,0.2298,0.4399,ALERT
1776423798.291181,0.2542,0.4641,ALERT
1776423798.3111799,0.2774,0.4725,ALERT
1776423798.3581934,0.485,0.4475,ALERT
1776423798.3727117,0.4849,0.4489,ALERT
1776423798.438713,0.4125,0.4563,ALERT
1776423798.467245,0.5533,0.4504,ALERT
1776423798.5025313,0.5768,0.4535,ALERT
1776423798.516712,0.6405,0.4458,ALERT
1776423798.5632784,0.7052,0.4464,ALERT
1776423798.5898166,0.4979,0.4322,ALERT
1776423798.6322427,0.3767,0.4405,ALERT
1776423798.6481202,0.4517,0.4442,ALERT
1776423798.6910934,0.411,0.4405,ALERT
1776423798.707094,0.7376,0.4833,ALERT
1776423798.7570949,0.422,0.4678,ALERT
1776423798.8426867,0.5631,0.4484,ALERT
1776423798.858366,0.5629,0.4714,ALERT
1776423798.902921,0.4878,0.5385,ALERT
1776423798.9689193,0.5795,0.5382,ALERT
1776423798.9829347,0.5437,0.5715,ALERT
1776423799.051464,0.619,0.5142,ALERT
1776423799.0960078,0.4504,0.514,ALERT
1776423799.113009,0.5117,0.488,ALERT
1776423799.1935527,0.7872,0.4287,ALERT
1776423799.238329,0.5377,0.461,ALERT
1776423799.2523277,0.6921,0.4562,ALERT
1776423799.3015127,0.5162,0.435,ALERT
1776423799.3165102,0.6142,0.4579,ALERT
1776423799.3675146,0.4328,0.4414,ALERT
1776423799.3825214,0.654,0.4683,ALERT
1776423799.4300463,0.3542,0.4752,ALERT
1776423799.448044,0.8649,0.4224,ALERT
1776423799.4945884,0.5102,0.435,ALERT
1776423799.5225902,0.6601,0.4571,ALERT
1776423799.5766068,0.4697,0.4745,ALERT
1776423799.8359587,0.3983,0.4617,ALERT
1776423799.8519588,0.6739,0.4799,ALERT
1776423799.8669617,0.6296,0.4632,ALERT
1776423799.8829725,0.589,0.4425,ALERT
1776423799.8994973,0.402,0.4491,ALERT
1776423799.913499,0.4038,0.4666,ALERT
1776423799.9715102,0.3573,0.4671,ALERT
1776423799.986038,0.3976,0.4468,ALERT
1776423800.038036,0.4518,0.4574,ALERT
1776423800.0520375,0.7169,0.4462,ALERT
1776423800.10021,0.7684,0.46,ALERT
1776423800.1142113,0.5505,0.4414,ALERT
1776423800.1655648,0.5088,0.4479,ALERT
1776423800.1805882,0.4951,0.4561,ALERT
1776423800.231126,0.4683,0.4678,ALERT
1776423800.2471213,0.4588,0.4362,ALERT
1776423800.310667,0.3554,0.4453,ALERT
1776423800.326669,0.3888,0.4453,ALERT
1776423800.374679,0.3061,0.4502,ALERT
1776423800.391206,0.3101,0.4539,ALERT
1776423800.4362035,0.3118,0.4558,ALERT
1776423800.452203,0.2652,0.457,ALERT
1776423800.5055048,0.2238,0.4571,ALERT
1776423800.5215032,0.2506,0.4571,ALERT
1776423800.564503,0.1856,0.5467,ALERT
1776423800.5805163,0.1557,0.5579,ALERT
1776423800.6310463,0.073,0.5766,ALERT
1776423800.6470478,0.0741,0.4889,ALERT
1776423800.7117286,0.1155,0.555,ALERT
1776423800.7287266,0.1408,0.5777,ALERT
1776423800.7737505,0.1731,0.4559,ALERT
1776423800.7882838,0.1659,0.5106,ALERT
1776423800.8362775,0.2233,0.4577,ALERT
1776423800.85228,0.2071,0.4569,ALERT
1776423800.902819,0.2304,0.5213,ALERT
1776423800.9198205,0.2312,0.5107,ALERT
1776423800.9658163,0.2347,0.5481,ALERT
1776423800.9808297,0.2402,0.5281,ALERT
1776423801.0294747,0.2716,0.5481,ALERT
1776423801.045475,0.2656,0.538,ALERT
1776423801.1090171,0.2295,0.5488,ALERT
1776423801.1270237,0.2353,0.539,ALERT
1776423801.1770446,0.2511,0.5385,ALERT
1776423801.1935792,0.2565,0.5577,ALERT
1776423801.2390013,0.2686,0.5508,ALERT
1776423801.2559998,0.2551,0.5505,ALERT
1776423801.3015418,0.2598,0.4895,ALERT
1776423801.3145404,0.2679,0.4798,ALERT
1776423801.3685398,0.2977,0.4523,ALERT
1776423801.3835504,0.2879,0.4505,ALERT
1776423801.4430873,0.2638,0.5011,ALERT
1776423801.4570925,0.2782,0.5098,ALERT
1776423801.5056436,0.2591,0.5003,ALERT
1776423801.5296488,0.274,0.5089,ALERT
1776423801.571666,0.2644,0.5214,ALERT
1776423801.5872028,0.2781,0.5219,ALERT
1776423801.6372013,0.3048,0.5294,ALERT
1776423801.6532004,0.2981,0.5598,ALERT
1776423801.7010212,0.2938,0.5716,ALERT
1776423801.7150223,0.2786,0.5697,ALERT
1776423801.7630236,0.2853,0.5887,ALERT
1776423801.7800362,0.2766,0.5753,ALERT
1776423801.846575,0.2848,0.5682,ALERT
1776423801.8635747,0.2955,0.578,ALERT
1776423801.9101143,0.2849,0.578,ALERT
1776423801.927114,0.2678,0.5682,ALERT
1776423801.9761293,0.2574,0.5487,ALERT
1776423801.9916863,0.2655,0.548,ALERT
1776423802.0386808,0.2629,0.5391,ALERT
1776423802.055686,0.2734,0.5384,ALERT
1776423802.1012254,0.2639,0.5604,ALERT
1776423802.1182277,0.2683,0.5496,ALERT
1776423802.1832411,0.2586,0.5384,ALERT
1776423802.1987782,0.2586,0.5583,ALERT
1776423802.24678,0.2567,0.5294,ALERT
1776423802.2637794,0.2594,0.5393,ALERT
1776423802.3123274,0.2713,0.4621,ALERT
1776423802.3283277,0.274,0.4618,ALERT
1776423802.373344,0.2721,0.4641,ALERT
1776423802.3898783,0.2676,0.4461,ALERT
1776423802.4378734,0.263,0.4488,ALERT
1776423802.4568758,0.2459,0.4645,ALERT
1776423802.5074182,0.1603,0.458,ALERT
1776423802.5234146,0.1598,0.458,ALERT
1776423802.5414166,0.1554,0.451,ALERT
1776423802.5814319,0.1968,0.4516,ALERT
1776423802.645962,0.23,0.4615,ALERT
1776423802.6639643,0.2266,0.4539,ALERT
1776423802.7742724,0.2278,0.4621,ALERT
1776423802.7897897,0.2429,0.4546,ALERT
1776423802.8157978,0.258,0.4547,ALERT
1776423802.832792,0.2662,0.4539,ALERT
1776423802.8497946,0.2762,0.4706,ALERT
1776423802.8667932,0.2737,0.4559,ALERT
1776423802.9023478,0.2797,0.4632,ALERT
1776423802.919352,0.2754,0.4632,ALERT
1776423802.9373481,0.2794,0.4632,ALERT
1776423802.9833634,0.2924,0.4595,ALERT
1776423803.046904,0.32,0.4605,ALERT
1776423803.062853,0.3197,0.4605,ALERT
1776423803.1112206,0.332,0.474,ALERT
1776423803.1262157,0.3439,0.462,ALERT
1776423803.1722143,0.346,0.4635,ALERT
1776423803.1862283,0.3602,0.4588,ALERT
1776423803.2387998,0.3787,0.4731,ALERT
1776423803.2547996,0.3864,0.4588,ALERT
1776423803.3163419,0.3924,0.4713,ALERT
1776423803.33134,0.3764,0.4535,ALERT
1776423803.348339,0.3749,0.4535,ALERT
1776423803.3813512,0.3812,0.4658,ALERT
1776423803.447883,0.3173,0.4564,ALERT
1776423803.4648802,0.3149,0.4634,ALERT
1776423803.5104365,0.2635,0.4837,ALERT
1776423803.5264428,0.2481,0.4659,ALERT
1776423803.5744522,0.2426,0.4603,ALERT
1776423803.590986,0.2426,0.4662,ALERT
1776423803.6399865,0.2521,0.4656,ALERT
1776423803.668988,0.2437,0.4596,ALERT
1776423803.6915305,0.2506,0.466,ALERT
1776423803.723533,0.2494,0.4603,ALERT
1776423803.7395306,0.2452,0.4607,ALERT
1776423803.783543,0.2396,0.4601,ALERT
1776423803.8471122,0.2243,0.4605,ALERT
1776423803.8641047,0.2213,0.4607,ALERT
1776423803.9156451,0.2073,0.4599,ALERT
1776423803.9336438,0.1697,0.4657,ALERT
1776423803.9756582,0.2238,0.4599,ALERT
1776423803.9931853,0.2332,0.4604,ALERT
1776423804.0361862,0.2231,0.4703,ALERT
1776423804.0481875,0.2186,0.4596,ALERT
1776423804.064189,0.2186,0.4708,ALERT
1776423804.1183748,0.2199,0.4529,ALERT
1776423804.1323822,0.1959,0.4647,ALERT
1776423804.1783912,0.1842,0.4568,ALERT
1776423804.2439163,0.2457,0.4625,ALERT
1776423804.2609248,0.2441,0.4511,ALERT
1776423804.3104503,0.2119,0.46,ALERT
1776423804.3264456,0.2308,0.4606,ALERT
1776423804.3754597,0.1883,0.4586,ALERT
1776423804.3910143,0.1952,0.4597,ALERT
1776423804.414019,0.2066,0.4658,ALERT
1776423804.4550092,0.2163,0.4556,ALERT
1776423804.4690142,0.1984,0.4728,ALERT
1776423804.5165591,0.1438,0.4569,ALERT
1776423804.5335581,0.1493,0.4634,ALERT
1776423804.5765734,0.1561,0.4606,ALERT
1776423804.6420543,0.2009,0.4583,ALERT
1776423804.6590533,0.1751,0.4515,ALERT
1776423804.708676,0.1942,0.4632,ALERT
1776423804.7356362,0.1887,0.4441,ALERT
1776423804.7686255,0.1978,0.4639,ALERT
1776423804.7807152,0.1702,0.456,ALERT
1776423804.7959492,0.1747,0.4561,ALERT
1776423804.8489516,0.1366,0.4603,ALERT
1776423804.862963,0.155,0.4542,ALERT
1776423804.9156532,0.1161,0.4539,ALERT
1776423804.9409213,0.1294,0.4618,ALERT
1776423804.9799087,0.1207,0.4442,ALERT
1776423805.0400317,0.1445,0.4626,ALERT
1776423805.0590334,0.1419,0.472,ALERT
1776423806.1066926,0.1408,0.4576,DROWSY
1776423806.1538777,0.1498,0.4624,DROWSY
1776423806.1804047,0.2642,0.4611,DROWSY
1776423806.243939,0.4221,0.4438,ALERT
1776423806.2719407,0.3595,0.4683,ALERT
1776423806.3244987,0.4378,0.4649,ALERT
1776423806.3464947,0.4245,0.4658,ALERT
1776423806.3730578,0.4207,0.4665,ALERT
1776423806.3905816,0.3067,0.4544,ALERT
1776423806.406546,0.2971,0.4445,ALERT
1776423806.4493194,0.3952,0.4648,ALERT
1776423806.467329,0.3907,0.4562,ALERT
1776423806.5138488,0.3853,0.4692,ALERT
1776423806.5268493,0.3938,0.4558,ALERT
1776423806.5743678,0.4435,0.4826,ALERT
1776423806.6415699,0.4097,0.4503,ALERT
1776423806.66258,0.4221,0.455,ALERT
1776423806.679122,0.4535,0.4368,ALERT
1776423806.7211227,0.447,0.4518,ALERT
1776423806.7341256,0.4284,0.4539,ALERT
1776423806.7866926,0.4019,0.4566,ALERT
1776423806.8056931,0.4223,0.4694,ALERT
1776423806.8486948,0.4292,0.4681,ALERT
1776423806.8617039,0.4376,0.4692,ALERT
1776423806.9142303,0.4476,0.4555,ALERT
1776423806.9392278,0.4564,0.4696,ALERT
1776423806.9742804,0.4647,0.4555,ALERT
1776423807.0396762,0.4547,0.4518,ALERT
1776423807.0616896,0.4746,0.4518,ALERT
1776423807.0772169,0.4703,0.4518,ALERT
1776423807.120385,0.498,0.4656,ALERT
1776423807.1373901,0.504,0.4656,ALERT
1776423807.1829088,0.5222,0.4776,ALERT
1776423807.2009547,0.4939,0.4656,ALERT
1776423807.2489038,0.4918,0.4523,ALERT
1776423807.262943,0.4922,0.4523,ALERT
1776423807.311453,0.4858,0.4714,ALERT
1776423807.324448,0.5243,0.4707,ALERT
1776423807.3769925,0.5268,0.4555,ALERT
1776423807.460194,0.5408,0.47,ALERT
1776423807.4737191,0.5485,0.4656,ALERT
1776423807.4927223,0.5137,0.4566,ALERT
1776423807.5207183,0.4962,0.452,ALERT
1776423807.539718,0.5072,0.452,ALERT
1776423807.584242,0.4797,0.452,ALERT
1776423807.6012514,0.5007,0.4707,ALERT
1776423807.6475153,0.5206,0.4769,ALERT
1776423807.661535,0.5117,0.4452,ALERT
1776423807.713744,0.4856,0.4533,ALERT
1776423807.7397428,0.5335,0.4533,ALERT
1776423807.7759867,0.5408,0.4542,ALERT
1776423807.7999825,0.5113,0.4542,ALERT
1776423807.8569875,0.5169,0.4473,ALERT
1776423807.8770747,0.5191,0.452,ALERT
1776423807.9206052,0.4704,0.4473,ALERT
1776423807.9389093,0.4427,0.4562,ALERT
1776423807.9844084,0.5135,0.4656,ALERT
1776423808.000411,0.5043,0.4533,ALERT
1776423808.0520015,0.493,0.4542,ALERT
1776423808.0660105,0.493,0.4666,ALERT
1776423808.1180713,0.5117,0.4763,ALERT
1776423808.1320689,0.4689,0.4763,ALERT
1776423808.1816103,0.471,0.4837,ALERT
1776423808.1966128,0.471,0.4714,ALERT
1776423808.258621,0.4751,0.46,ALERT
1776423808.2751486,0.4953,0.4591,ALERT
1776423808.3241541,0.4924,0.4459,ALERT
1776423808.3401544,0.471,0.4571,ALERT
1776423808.3905363,0.4636,0.452,ALERT
1776423808.4085371,0.4623,0.4581,ALERT
1776423808.4522023,0.4827,0.4721,ALERT
1776423808.4682164,0.4827,0.4721,ALERT
1776423808.5162778,0.5085,0.4647,ALERT
1776423808.5422766,0.5125,0.4697,ALERT
1776423808.593732,0.4925,0.4581,ALERT
1776423808.6170793,0.4826,0.4581,ALERT
1776423808.6600986,0.4796,0.4581,ALERT
1776423808.6754153,0.5117,0.4704,ALERT
1776423808.7254124,0.5225,0.4591,ALERT
1776423808.7424185,0.5007,0.4727,ALERT
1776423808.7889395,0.4319,0.4471,ALERT
1776423808.8059392,0.4928,0.4471,ALERT
1776423808.8529358,0.4924,0.4591,ALERT
1776423808.867951,0.4743,0.4581,ALERT
1776423808.918476,0.4804,0.4837,ALERT
1776423808.9334767,0.4818,0.4581,ALERT
1776423808.9989207,0.4885,0.4581,ALERT
1776423809.0289218,0.4564,0.46,ALERT
1776423809.0599427,0.5225,0.4591,ALERT
1776423809.0754693,0.5148,0.4591,ALERT
1776423809.1206415,0.471,0.4833,ALERT
1776423809.1346374,0.4999,0.4581,ALERT
1776423809.1841788,0.4671,0.4591,ALERT
1776423809.2111833,0.4656,0.4471,ALERT
1776423809.2521796,0.408,0.4721,ALERT
1776423809.267191,0.4105,0.4721,ALERT
1776423809.3167176,0.322,0.4553,ALERT
1776423809.3307195,0.3313,0.4675,ALERT
1776423809.3942637,0.3791,0.4704,ALERT
1776423809.40926,0.4018,0.4483,ALERT
1776423809.4584174,0.4238,0.4591,ALERT
1776423809.486004,0.3963,0.4651,ALERT
1776423809.5230026,0.4596,0.4617,ALERT
1776423809.5460052,0.4278,0.4728,ALERT
1776423809.5855463,0.4095,0.4651,ALERT
1776423809.6075454,0.4095,0.4564,ALERT
1776423809.6515446,0.4433,0.4435,ALERT
1776423809.6675546,0.4381,0.4668,ALERT
1776423809.7312944,0.4496,0.4643,ALERT
1776423809.747299,0.4757,0.4675,ALERT
1776423809.7971702,0.4947,0.4724,ALERT
1776423809.8131666,0.4859,0.4547,ALERT
1776423809.861183,0.4244,0.4684,ALERT
1776423809.8777146,0.4591,0.4782,ALERT
1776423809.9277153,0.4755,0.4609,ALERT
1776423809.942902,0.4868,0.46,ALERT
1776423809.9882376,0.47,0.4428,ALERT
1776423810.003241,0.5047,0.4657,ALERT
1776423810.0512435,0.4928,0.4596,ALERT
1776423810.0652487,0.4928,0.4724,ALERT
1776423810.1313565,0.471,0.4545,ALERT
1776423810.148352,0.4472,0.4559,ALERT
1776423810.1974418,0.4514,0.4591,ALERT
1776423810.211441,0.4596,0.4675,ALERT
1776423810.260448,0.4271,0.4675,ALERT
1776423810.2759697,0.438,0.4547,ALERT
1776423810.3249717,0.4818,0.4714,ALERT
1776423810.340972,0.4896,0.4577,ALERT
1776423810.3925161,0.4637,0.4577,ALERT
1776423810.4085133,0.4637,0.4711,ALERT
1776423810.4707792,0.4751,0.4571,ALERT
1776423810.486308,0.5098,0.4571,ALERT
1776423810.5323062,0.5005,0.4581,ALERT
1776423810.546304,0.5005,0.4535,ALERT
1776423810.5978649,0.4861,0.4667,ALERT
1776423810.6118636,0.4823,0.4667,ALERT
1776423810.662882,0.5043,0.4581,ALERT
1776423810.6773975,0.5043,0.4581,ALERT
1776423810.726403,0.5112,0.4424,ALERT
1776423810.7423978,0.5009,0.479,ALERT
1776423810.7891984,0.5031,0.451,ALERT
1776423810.8031976,0.5062,0.4545,ALERT
1776423810.867207,0.4921,0.4684,ALERT
1776423810.8817408,0.5166,0.4536,ALERT
1776423810.9317374,0.4033,0.4615,ALERT
1776423810.946297,0.47,0.4435,ALERT
1776423810.9958613,0.4518,0.4517,ALERT
1776423811.0148573,0.4511,0.4723,ALERT
1776423811.0618694,0.4345,0.4568,ALERT
1776423811.0794063,0.3907,0.4572,ALERT
1776423811.1269433,0.2678,0.4616,ALERT
1776423811.140943,0.233,0.4745,ALERT
1776423811.1907206,0.1607,0.4551,ALERT
1776423811.2067194,0.1557,0.4462,ALERT
1776423811.2703032,0.1781,0.4517,ALERT
1776423811.2858384,0.1384,0.4537,ALERT
1776423811.3325799,0.2438,0.4505,ALERT
1776423811.349898,0.2229,0.4706,ALERT
1776423811.396439,0.2422,0.4525,ALERT
1776423811.412441,0.2509,0.4529,ALERT
1776423811.4634533,0.2608,0.4637,ALERT
1776423811.479986,0.2474,0.465,ALERT
1776423811.5259855,0.2443,0.457,ALERT
1776423811.547991,0.277,0.4661,ALERT
1776423811.6045394,0.3077,0.4499,ALERT
1776423811.619539,0.3023,0.4583,ALERT
1776423811.667732,0.3197,0.4627,ALERT
1776423811.68326,0.3286,0.4653,ALERT
1776423811.732265,0.3213,0.4632,ALERT
1776423811.7462604,0.3335,0.4632,ALERT
1776423811.7968006,0.3314,0.4572,ALERT
1776423811.8651204,0.3395,0.457,ALERT
1776423811.8804402,0.3595,0.4604,ALERT
1776423811.895441,0.353,0.4614,ALERT
1776423811.9264472,0.3777,0.4661,ALERT
1776423811.9424438,0.3593,0.4593,ALERT
1776423812.001017,0.3951,0.4637,ALERT
1776423812.0160258,0.3752,0.4625,ALERT
1776423812.0642023,0.3921,0.4623,ALERT
1776423812.0807202,0.4036,0.4582,ALERT
1776423812.1287167,0.4004,0.4563,ALERT
1776423812.154717,0.4176,0.4558,ALERT
1776423812.1948597,0.4219,0.4531,ALERT
1776423812.2148619,0.4272,0.462,ALERT
1776423812.2558587,0.4126,0.4589,ALERT
1776423812.274892,0.3966,0.4654,ALERT
1776423812.3194194,0.3959,0.4686,ALERT
1776423812.3354218,0.404,0.4667,ALERT
1776423812.4011655,0.3935,0.4627,ALERT
1776423812.4301739,0.4016,0.4516,ALERT
1776423812.4641762,0.3899,0.4624,ALERT
1776423812.4887025,0.3837,0.4677,ALERT
1776423812.5294797,0.3517,0.4617,ALERT
1776423812.5494792,0.3617,0.4652,ALERT
1776423812.5940452,0.31,0.4577,ALERT
1776423812.6120422,0.3145,0.4591,ALERT
1776423812.6580427,0.2649,0.4439,ALERT
1776423812.6730547,0.2755,0.4558,ALERT
1776423812.7374382,0.2523,0.4566,ALERT
1776423812.7494364,0.263,0.4576,ALERT
1776423812.8019702,0.221,0.4576,ALERT
1776423812.8139763,0.2472,0.4553,ALERT
1776423812.866988,0.1849,0.4455,ALERT
1776423812.8850787,0.1885,0.4515,ALERT
1776423812.9300745,0.1452,0.4479,ALERT
1776423812.9460716,0.1512,0.46,ALERT
1776423812.9936264,0.1758,0.4571,ALERT
1776423813.008626,0.1772,0.4566,ALERT
1776423813.0568094,0.1255,0.4559,ALERT
1776423813.0688217,0.1345,0.4557,ALERT
1776423813.1373522,0.1748,0.4507,ALERT
1776423813.163361,0.165,0.4597,ALERT
1776423813.2011287,0.1758,0.4579,ALERT
1776423813.2141302,0.1499,0.45,ALERT
1776423813.264373,0.137,0.4483,ALERT
1776423813.2854788,0.1426,0.4559,ALERT
1776423813.3304796,0.1352,0.4718,ALERT
1776423813.3504803,0.1853,0.4624,ALERT
1776423813.393861,0.1442,0.4529,ALERT
1776423813.4088638,0.1475,0.4538,ALERT
1776423813.4578598,0.173,0.4616,ALERT
1776423813.486413,0.1482,0.4616,ALERT
1776423813.536584,0.1182,0.452,ALERT
1776423813.562577,0.1188,0.4612,ALERT
1776423813.6021194,0.0688,0.4616,ALERT
1776423813.6251185,0.0904,0.4616,ALERT
1776423814.6813748,0.1093,0.4511,DROWSY
1776423814.7096372,0.2553,0.4616,ALERT
1776423814.7377017,0.2398,0.4605,ALERT
1776423814.7527015,0.2454,0.47,ALERT
1776423814.799702,0.2454,0.4607,ALERT
1776423814.815714,0.2454,0.4519,ALERT
1776423814.8662465,0.2611,0.4519,ALERT
1776423814.8912406,0.2607,0.4519,ALERT
1776423814.930926,0.2495,0.4623,ALERT
1776423814.9510384,0.2395,0.4615,ALERT
1776423814.9699788,0.2402,0.4616,ALERT
1776423815.0130074,0.2395,0.4706,ALERT
1776423815.0737717,0.2311,0.4616,ALERT
1776423815.0917706,0.2308,0.4616,ALERT
1776423815.1382134,0.2448,0.4608,ALERT
1776423815.1672182,0.2491,0.451,ALERT
1776423815.2054386,0.2558,0.4519,ALERT
1776423815.219959,0.2558,0.4608,ALERT
1776423815.2664242,0.2569,0.4616,ALERT
1776423815.2894247,0.2569,0.4616,ALERT
1776423815.3319652,0.2427,0.4616,ALERT
1776423815.3459666,0.2325,0.452,ALERT
1776423815.3609753,0.2377,0.452,ALERT
1776423815.4099822,0.2325,0.452,ALERT
1776423815.4745097,0.2325,0.4709,ALERT
1776423815.4875455,0.2325,0.4445,ALERT
1776423815.5392716,0.2313,0.4535,ALERT
1776423815.5535212,0.2311,0.4715,ALERT
1776423815.6007273,0.2174,0.4616,ALERT
1776423815.613739,0.222,0.4616,ALERT
1776423815.665264,0.2174,0.4616,ALERT
1776423815.6904418,0.2174,0.4616,ALERT
1776423815.7450004,0.2254,0.452,ALERT
1776423815.7659934,0.2254,0.4616,ALERT
1776423815.7819917,0.2244,0.4616,ALERT
1776423815.812,0.2238,0.4623,ALERT
1776423815.8735285,0.2198,0.4613,ALERT
1776423815.88853,0.2298,0.4613,ALERT
1776423815.9400694,0.2204,0.4608,ALERT
1776423815.9640718,0.2098,0.4613,ALERT
1776423816.0000691,0.2338,0.4715,ALERT
1776423816.0257626,0.2257,0.462,ALERT
1776423816.0657752,0.2341,0.462,ALERT
1776423816.0857673,0.2304,0.4717,ALERT
1776423816.0997627,0.2304,0.4717,ALERT
1776423816.1443405,0.1406,0.462,ALERT
1776423816.2064705,0.1985,0.454,ALERT
1776423816.2250147,0.195,0.4548,ALERT
1776423816.275008,0.215,0.4633,ALERT
1776423816.3020115,0.2048,0.4626,ALERT
1776423816.3369787,0.2154,0.4458,ALERT
1776423816.358976,0.2154,0.4538,ALERT
1776423816.400975,0.2096,0.4546,ALERT
1776423816.4215083,0.2204,0.463,ALERT
1776423816.46715,0.2298,0.4608,ALERT
1776423816.4866738,0.2348,0.4708,ALERT
1776423816.5009193,0.2291,0.4516,ALERT
1776423816.549711,0.2462,0.4413,ALERT
1776423816.5627127,0.2625,0.4491,ALERT
1776423816.61273,0.2695,0.4501,ALERT
1776423816.67729,0.3293,0.4529,ALERT
1776423816.701287,0.3093,0.4623,ALERT
1776423816.741235,0.3045,0.4599,ALERT
1776423816.7612326,0.2994,0.46,ALERT
1776423816.8022351,0.2991,0.4519,ALERT
1776423816.8182468,0.3083,0.4616,ALERT
1776423816.833771,0.3081,0.4616,ALERT
1776423816.8837645,0.3178,0.4616,ALERT
1776423816.8947642,0.3076,0.4528,ALERT
1776423816.9443302,0.298,0.4537,ALERT
1776423816.9703279,0.2958,0.4527,ALERT
1776423817.0093324,0.2957,0.4444,ALERT
1776423817.0734,0.271,0.4623,ALERT
1776423817.0853996,0.2803,0.4623,ALERT
1776423817.1376324,0.2739,0.4622,ALERT
1776423817.1556313,0.2739,0.4622,ALERT
1776423817.2018158,0.2981,0.4455,ALERT
1776423817.2148254,0.2987,0.4546,ALERT
1776423817.230354,0.2987,0.4455,ALERT
1776423817.2843533,0.2876,0.4629,ALERT
1776423817.3093643,0.2838,0.4721,ALERT
1776423817.3444564,0.2884,0.4629,ALERT
1776423817.355642,0.2884,0.4629,ALERT
1776423817.4086835,0.2884,0.4631,ALERT
1776423817.472219,0.2692,0.4624,ALERT
1776423817.4902163,0.2793,0.4623,ALERT
1776423817.5389025,0.2787,0.4711,ALERT
1776423817.564899,0.284,0.4615,ALERT
1776423817.5988994,0.2788,0.4517,ALERT
1776423817.6129074,0.2793,0.4528,ALERT
1776423817.627433,0.2794,0.4616,ALERT
1776423817.6794345,0.2795,0.4623,ALERT
1776423817.7026122,0.2793,0.4528,ALERT
1776423817.7461777,0.2544,0.4458,ALERT
1776423817.8101962,0.2364,0.463,ALERT
1776423817.828734,0.2356,0.4623,ALERT
1776423817.87973,0.2403,0.4535,ALERT
1776423817.9017265,0.2349,0.4543,ALERT
1776423817.937273,0.2074,0.4631,ALERT
1776423817.947262,0.2174,0.4455,ALERT
1776423817.9632623,0.2174,0.463,ALERT
1776423818.01828,0.2046,0.4627,ALERT
1776423818.0423198,0.2075,0.4535,ALERT
1776423818.0803232,0.2067,0.4445,ALERT
1776423818.10032,0.2067,0.4538,ALERT
1776423818.1448042,0.1949,0.4442,ALERT
1776423818.1628056,0.2035,0.4442,ALERT
1776423818.2080388,0.2074,0.4538,ALERT
1776423818.2725594,0.1772,0.4535,ALERT
1776423818.2975616,0.1848,0.4627,ALERT
1776423818.3349338,0.1616,0.4623,ALERT
1776423818.3459373,0.1616,0.4623,ALERT
1776423818.3599362,0.1604,0.4712,ALERT
1776423818.4159546,0.1314,0.4526,ALERT
1776423818.4434998,0.1218,0.462,ALERT
1776423818.4815063,0.1132,0.463,ALERT
1776423818.4955072,0.1132,0.4538,ALERT
1776423818.5442724,0.1075,0.463,ALERT
1776423818.5592673,0.1256,0.463,ALERT
1776423818.605266,0.1149,0.4627,ALERT
1776423818.671788,0.1075,0.4445,ALERT
1776423818.6959293,0.1075,0.4538,ALERT
1776423819.7692678,0.0937,0.4715,DROWSY
1776423819.7933478,0.0684,0.463,DROWSY
1776423819.8073907,0.0775,0.4538,DROWSY
1776423819.8249078,0.0757,0.4538,DROWSY
1776423819.8884277,0.0661,0.463,DROWSY
1776423819.9134238,0.0661,0.463,DROWSY
1776423819.9284334,0.0661,0.463,DROWSY
1776423819.9509583,0.0588,0.4442,DROWSY
1776423819.9784713,0.0661,0.4627,DROWSY
1776423820.0186412,0.0658,0.4526,DROWSY
1776423820.0276396,0.076,0.4442,DROWSY
1776423820.0859227,0.0868,0.4538,DROWSY
1776423820.1038823,0.0858,0.4445,DROWSY
1776423820.1463335,0.2262,0.4538,ALERT
1776423820.159678,0.2462,0.4538,ALERT
1776423820.2122798,0.2788,0.4529,ALERT
1776423820.2272658,0.2788,0.4529,ALERT
1776423820.2897396,0.2924,0.4538,ALERT
1776423820.3161101,0.2837,0.463,ALERT
1776423820.3562098,0.289,0.463,ALERT
1776423820.3768075,0.283,0.463,ALERT
1776423820.4227443,0.2786,0.4445,ALERT
1776423820.4397495,0.2888,0.4442,ALERT
1776423820.483917,0.2986,0.4529,ALERT
1776423820.4968922,0.3082,0.4529,ALERT
1776423820.545112,0.3177,0.4626,ALERT
1776423820.557122,0.3177,0.4626,ALERT
1776423820.606278,0.2929,0.4526,ALERT
1776423820.6162772,0.3027,0.4613,ALERT
1776423820.69292,0.3177,0.4623,ALERT
1776423820.7087238,0.3273,0.4538,ALERT
1776423820.7543976,0.2986,0.4529,ALERT
1776423820.7678714,0.2986,0.4623,ALERT
1776423820.8194413,0.298,0.4623,ALERT
1776423820.8324816,0.298,0.4623,ALERT
1776423820.884351,0.2304,0.4546,ALERT
1776423820.9011598,0.24,0.4637,ALERT
1776423820.94359,0.222,0.463,ALERT
1776423820.9670577,0.2127,0.463,ALERT
1776423821.0277262,0.2449,0.4538,ALERT
1776423821.0430512,0.2403,0.4538,ALERT
1776423821.0896358,0.2697,0.4538,ALERT
1776423821.1046295,0.2697,0.4538,ALERT
1776423821.1526794,0.2645,0.4546,ALERT
1776423821.1636386,0.2645,0.4546,ALERT
1776423821.2216878,0.2697,0.4441,ALERT
1776423821.2386923,0.2697,0.4446,ALERT
1776423821.282788,0.2703,0.4525,ALERT
1776423821.2973123,0.279,0.452,ALERT
1776423821.351016,0.2933,0.4456,ALERT
1776423821.3693445,0.2833,0.4539,ALERT
1776423821.425579,0.2938,0.461,ALERT
1776423821.4459898,0.2944,0.4617,ALERT
1776423821.4873242,0.2841,0.4619,ALERT
1776423821.5065026,0.2691,0.4419,ALERT
1776423821.5523517,0.2895,0.4602,ALERT
1776423821.563353,0.2795,0.4602,ALERT
1776423821.6135263,0.3006,0.461,ALERT
1776423821.6245296,0.2995,0.4524,ALERT
1776423821.6783412,0.2604,0.4611,ALERT
1776423821.700576,0.2464,0.4625,ALERT
1776423821.742956,0.2625,0.4612,ALERT
1776423821.7599597,0.2652,0.4612,ALERT
1776423821.8220253,0.2344,0.4718,ALERT
1776423821.837029,0.2528,0.4556,ALERT
1776423821.893387,0.2408,0.4524,ALERT
1776423821.9073792,0.2399,0.4602,ALERT
1776423821.9534047,0.241,0.456,ALERT
1776423821.977327,0.2543,0.4642,ALERT
1776423822.0226486,0.2591,0.4589,ALERT
1776423822.034206,0.2474,0.4549,ALERT
1776423822.0813596,0.2391,0.456,ALERT
1776423822.0956452,0.2564,0.465,ALERT
1776423822.158155,0.2486,0.4637,ALERT
1776423822.1722481,0.2585,0.4618,ALERT
1776423822.2214694,0.2582,0.455,ALERT
1776423822.2324693,0.2665,0.4516,ALERT
1776423822.285816,0.2822,0.4563,ALERT
1776423822.3101833,0.252,0.4582,ALERT
1776423822.3538666,0.2845,0.4566,ALERT
1776423822.373524,0.277,0.4555,ALERT
1776423822.4188862,0.2965,0.4571,ALERT
1776423822.431337,0.293,0.4564,ALERT
1776423822.477939,0.2906,0.465,ALERT
1776423822.495917,0.2813,0.4641,ALERT
1776423822.5616028,0.2862,0.4658,ALERT
1776423822.5728228,0.271,0.4488,ALERT
1776423822.6279564,0.2978,0.4583,ALERT
1776423822.646894,0.2999,0.4677,ALERT
1776423822.6896455,0.2779,0.4598,ALERT
1776423822.7096844,0.2925,0.4599,ALERT
1776423822.7547963,0.2941,0.4621,ALERT
1776423822.773785,0.2926,0.4541,ALERT
1776423822.816808,0.2934,0.4548,ALERT
1776423822.8278155,0.2867,0.4618,ALERT
1776423822.8974633,0.2933,0.4539,ALERT
1776423822.9084578,0.289,0.4517,ALERT
1776423822.9616191,0.291,0.4614,ALERT
1776423822.97716,0.2961,0.4614,ALERT
1776423823.0298562,0.2976,0.4519,ALERT
1776423823.0457637,0.2976,0.4599,ALERT
1776423823.0945873,0.2812,0.4626,ALERT
1776423823.1115794,0.2954,0.4626,ALERT
1776423823.156669,0.2938,0.4631,ALERT
1776423823.172383,0.2956,0.4631,ALERT
1776423823.223401,0.25,0.4548,ALERT
1776423823.2374012,0.2653,0.4624,ALERT
1776423823.2983809,0.2115,0.455,ALERT
1776423823.310401,0.2158,0.4544,ALERT
1776423823.3574145,0.2778,0.46,ALERT
1776423823.3800955,0.2683,0.4608,ALERT
1776423823.4276335,0.2972,0.4614,ALERT
1776423823.4414117,0.2892,0.4536,ALERT
1776423823.4957554,0.2989,0.4631,ALERT
1776423823.5209079,0.2875,0.4697,ALERT
1776423823.5529106,0.2944,0.4636,ALERT
1776423823.5808208,0.2921,0.4623,ALERT
1776423823.6125722,0.3154,0.4618,ALERT
1776423823.6239462,0.3046,0.4557,ALERT
1776423823.7037306,0.3189,0.4629,ALERT
1776423823.718202,0.3186,0.4549,ALERT
1776423823.764846,0.3381,0.4634,ALERT
1776423823.7800927,0.3328,0.4562,ALERT
1776423823.8290958,0.3135,0.4634,ALERT
1776423823.8466113,0.3138,0.4549,ALERT
1776423823.892979,0.2938,0.4566,ALERT
1776423823.9141073,0.3055,0.4619,ALERT
1776423823.962237,0.3319,0.4539,ALERT
1776423823.978326,0.3233,0.4604,ALERT
1776423824.0328758,0.3209,0.4551,ALERT
1776423824.048982,0.3176,0.4619,ALERT
1776423824.0989208,0.3278,0.4627,ALERT
1776423824.126923,0.3244,0.4546,ALERT
1776423824.1711469,0.3342,0.4565,ALERT
1776423824.1841383,0.335,0.4561,ALERT
1776423824.226454,0.3353,0.4566,ALERT
1776423824.2393057,0.3383,0.4625,ALERT
1776423824.287029,0.3429,0.4553,ALERT
1776423824.305027,0.3383,0.4622,ALERT
1776423824.3587654,0.3486,0.4537,ALERT
1776423824.3717844,0.3487,0.4544,ALERT
1776423824.4303224,0.3401,0.4553,ALERT
1776423824.4443405,0.3467,0.4552,ALERT
1776423824.5018601,0.3375,0.4539,ALERT
1776423824.5158606,0.332,0.4531,ALERT
1776423824.5651414,0.3371,0.4531,ALERT
1776423824.5806699,0.3341,0.4678,ALERT
1776423824.631292,0.348,0.4603,ALERT
1776423824.643289,0.3459,0.4524,ALERT
1776423824.6927197,0.3386,0.4574,ALERT
1776423824.7077215,0.3378,0.4498,ALERT
1776423824.7548888,0.3375,0.4492,ALERT
1776423824.7674556,0.3375,0.4492,ALERT
1776423824.8390255,0.3449,0.4583,ALERT
1776423824.8568454,0.3469,0.45,ALERT
1776423824.9057777,0.3435,0.4583,ALERT
1776423824.9321482,0.3439,0.4508,ALERT
1776423824.95969,0.38,0.4582,ALERT
1776423824.979802,0.3682,0.4588,ALERT
1776423825.021347,0.3818,0.4588,ALERT
1776423825.039328,0.3813,0.463,ALERT
1776423825.0872447,0.4093,0.4583,ALERT
1776423825.1013088,0.4093,0.4582,ALERT
1776423825.165287,0.4125,0.4584,ALERT
1776423825.1798797,0.4114,0.4618,ALERT
1776423825.232654,0.3986,0.459,ALERT
1776423825.2476413,0.3916,0.4588,ALERT
1776423825.296281,0.3961,0.4667,ALERT
1776423825.3196468,0.4079,0.4591,ALERT
1776423825.3674011,0.3963,0.4746,ALERT
1776423825.381013,0.3961,0.4583,ALERT
1776423825.4262772,0.3887,0.4501,ALERT
1776423825.444579,0.3887,0.4661,ALERT
1776423825.4915664,0.3934,0.4656,ALERT
1776423825.519528,0.3946,0.4584,ALERT
1776423825.5753038,0.3699,0.4584,ALERT
1776423825.5962944,0.3699,0.4661,ALERT
1776423825.635314,0.3689,0.4582,ALERT
1776423825.6472685,0.3634,0.4501,ALERT
1776423825.7038803,0.3698,0.4574,ALERT
1776423825.7176924,0.3618,0.4656,ALERT
1776423825.762839,0.3463,0.4501,ALERT
1776423825.7793736,0.3555,0.4584,ALERT
1776423825.8316486,0.3522,0.4507,ALERT
1776423825.8522952,0.3474,0.4498,ALERT
1776423825.8921695,0.3331,0.459,ALERT
1776423825.9142802,0.3334,0.4622,ALERT
1776423825.965752,0.3236,0.4508,ALERT
1776423825.9882996,0.3239,0.4508,ALERT
1776423826.0377905,0.3273,0.4659,ALERT
1776423826.0478256,0.3273,0.4582,ALERT
1776423826.1000278,0.315,0.4584,ALERT
1776423826.1119328,0.3137,0.4591,ALERT
1776423826.1639493,0.316,0.4501,ALERT
1776423826.1800232,0.309,0.4501,ALERT
1776423826.2344165,0.3136,0.4588,ALERT
1776423826.2480052,0.3122,0.4588,ALERT
1776423826.3022687,0.2994,0.4591,ALERT
1776423826.3142664,0.2925,0.4591,ALERT
1776423826.3701005,0.3001,0.4588,ALERT
1776423826.3904393,0.2984,0.4588,ALERT
1776423826.4365294,0.3001,0.4624,ALERT
1776423826.4515915,0.3011,0.4588,ALERT
1776423826.5030406,0.2915,0.4591,ALERT
1776423826.5160308,0.3026,0.4597,ALERT
1776423826.5673914,0.2902,0.4509,ALERT
1776423826.5828269,0.2902,0.4509,ALERT
1776423826.6284442,0.2759,0.4694,ALERT
1776423826.6444461,0.2822,0.4577,ALERT
1776423826.7132046,0.2816,0.4583,ALERT
1776423826.7261977,0.2806,0.4662,ALERT
1776423826.772733,0.2845,0.4581,ALERT
1776423826.7855392,0.2845,0.4501,ALERT
1776423826.8392813,0.2699,0.4661,ALERT
1776423826.8515532,0.2825,0.4584,ALERT
1776423826.902454,0.2487,0.4577,ALERT
1776423826.914448,0.2588,0.4584,ALERT
1776423826.9582305,0.2475,0.4591,ALERT
1776423826.977222,0.2475,0.4581,ALERT
1776423827.037422,0.2556,0.4618,ALERT
1776423827.051383,0.2554,0.4661,ALERT
1776423827.102586,0.2508,0.4618,ALERT
1776423827.112586,0.2473,0.4577,ALERT
1776423827.1693306,0.2452,0.4492,ALERT
1776423827.1928422,0.2592,0.4494,ALERT
1776423827.2339685,0.2376,0.4492,ALERT
1776423827.2487555,0.2504,0.4501,ALERT
1776423827.2944386,0.244,0.4577,ALERT
1776423827.3121474,0.2367,0.4492,ALERT
1776423827.36064,0.2371,0.4577,ALERT
1776423827.3729274,0.2371,0.4492,ALERT
1776423827.4458518,0.2359,0.4584,ALERT
1776423827.461871,0.2428,0.4667,ALERT
1776423827.511914,0.2285,0.4509,ALERT
1776423827.527918,0.23,0.4582,ALERT
1776423827.5712717,0.2266,0.4507,ALERT
1776423827.5860534,0.2244,0.4582,ALERT
1776423827.6368794,0.2382,0.45,ALERT
1776423827.6528797,0.2382,0.4661,ALERT
1776423827.6946306,0.2384,0.4498,ALERT
1776423827.7066314,0.2384,0.4583,ALERT
1776423827.7626555,0.2283,0.4582,ALERT
1776423827.777197,0.2286,0.4498,ALERT
1776423827.870528,0.2321,0.4501,ALERT
1776423827.892539,0.2357,0.45,ALERT
1776423827.9075413,0.2422,0.4501,ALERT
1776423827.9355726,0.2453,0.4583,ALERT
1776423827.9888191,0.2442,0.4502,ALERT
1776423828.0218256,0.2353,0.4579,ALERT
1776423828.0458949,0.2397,0.4583,ALERT
1776423828.0823581,0.2271,0.4501,ALERT
1776423828.115935,0.2199,0.4661,ALERT
1776423828.1410341,0.2231,0.4516,ALERT
1776423828.1869602,0.2091,0.4591,ALERT
1776423828.217148,0.2059,0.4517,ALERT
1776423828.245477,0.2283,0.4584,ALERT
1776423828.263227,0.2161,0.4584,ALERT
1776423828.319821,0.2257,0.4613,ALERT
1776423828.351988,0.2115,0.4584,ALERT
1776423828.387697,0.2095,0.448,ALERT
1776423828.41563,0.2134,0.448,ALERT
1776423828.4432817,0.2149,0.4562,ALERT
1776423828.4745038,0.1844,0.457,ALERT
1776423828.5066626,0.1605,0.4465,ALERT
1776423828.5370681,0.149,0.4546,ALERT
1776423828.5680494,0.1682,0.4637,ALERT
1776423828.5973787,0.1422,0.4483,ALERT
1776423828.6542761,0.1551,0.4744,ALERT
1776423828.685778,0.1498,0.4483,ALERT
1776423828.7161524,0.1769,0.4491,ALERT
1776423828.7476149,0.1723,0.4659,ALERT
1776423828.7779672,0.1777,0.4562,ALERT
1776423828.7935548,0.208,0.4483,ALERT
1776423828.838655,0.1967,0.4569,ALERT
1776423828.869857,0.2021,0.457,ALERT
1776423828.9034908,0.2111,0.4576,ALERT
1776423828.93326,0.2094,0.4576,ALERT
1776423828.9478927,0.2109,0.4492,ALERT
1776423828.993538,0.1968,0.4501,ALERT
1776423829.0553775,0.1887,0.4501,ALERT
1776423829.0861025,0.1948,0.4498,ALERT
1776423829.115645,0.1629,0.4582,ALERT
1776423829.1494849,0.1696,0.4492,ALERT
1776423829.1811972,0.1524,0.4576,ALERT
1776423829.211074,0.1407,0.4567,ALERT
1776423829.255253,0.1494,0.4492,ALERT
1776423829.2881107,0.1423,0.4576,ALERT
1776423829.3162572,0.1494,0.4492,ALERT
1776423829.3481042,0.1435,0.4483,ALERT
1776423829.382189,0.1424,0.4483,ALERT
1776423829.4121187,0.1489,0.4474,ALERT
1776423829.4549913,0.1328,0.4474,ALERT
1776423829.4844952,0.1377,0.4554,ALERT
1776423829.5296965,0.1346,0.4474,ALERT
1776423829.559177,0.1456,0.4562,ALERT
1776423829.5896502,0.1667,0.4554,ALERT
1776423829.6215534,0.1581,0.4545,ALERT
1776423829.652549,0.1986,0.4605,ALERT
1776423829.6832988,0.1798,0.4554,ALERT
1776423829.715856,0.1791,0.4554,ALERT
1776423829.7443113,0.2185,0.4483,ALERT
1776423829.7743626,0.2123,0.4474,ALERT
1776423829.8037286,0.1947,0.4417,ALERT
1776423829.8676836,0.2446,0.4435,ALERT
1776423829.8930922,0.2395,0.4426,ALERT
1776423829.917063,0.228,0.449,ALERT
1776423829.943244,0.235,0.4483,ALERT
1776423829.9786298,0.1897,0.4577,ALERT
1776423830.0257707,0.1597,0.4605,ALERT
1776423830.050592,0.2632,0.4508,ALERT
1776423830.0887392,0.2632,0.4576,ALERT
1776423830.1130338,0.2632,0.4576,ALERT
1776423830.1295145,0.272,0.4576,ALERT
1776423830.159854,0.2612,0.4583,ALERT
1776423830.1948032,0.2633,0.45,ALERT
1776423830.2546327,0.2871,0.459,ALERT
1776423830.285963,0.2827,0.4583,ALERT
1776423830.3181732,0.2804,0.459,ALERT
1776423830.349532,0.2744,0.4491,ALERT
1776423830.3953505,0.281,0.4576,ALERT
